total_length,ttl,inter_arrival_ms,label
60,63,0.0,video_conference
60,64,0.0,video_conference
52,63,1.433,video_conference
89,63,0.601,video_conference
52,64,1.818,video_conference
53,64,0.347,video_conference
52,63,0.962,video_conference
56,63,0.476,video_conference
193,63,0.446,video_conference
52,64,1.523,video_conference
53,64,2.222,video_conference
32,63,3.016,video_conference
32,64,0.939,video_conference
53,64,0.38,video_conference
53,64,0.324,video_conference
52,63,1.414,video_conference
228,63,0.319,video_conference
228,63,0.324,video_conference
228,63,0.41,video_conference
228,63,0.347,video_conference
228,63,0.339,video_conference
228,63,0.312,video_conference
228,63,1.492,video_conference
228,63,1.976,video_conference
228,63,1.105,video_conference
228,63,1.904,video_conference
228,63,0.965,video_conference
228,63,2.057,video_conference
228,63,1.985,video_conference
228,63,0.887,video_conference
228,63,2.002,video_conference
228,63,1.013,video_conference
228,63,2.185,video_conference
228,63,2.079,video_conference
228,63,0.781,video_conference
228,63,1.965,video_conference
228,63,1.144,video_conference
228,63,1.921,video_conference
228,63,1.993,video_conference
228,63,0.912,video_conference
228,63,2.089,video_conference
228,63,0.948,video_conference
228,63,2.059,video_conference
228,63,2.074,video_conference
228,63,0.867,video_conference
228,63,2.004,video_conference
228,63,1.198,video_conference
228,63,1.858,video_conference
228,63,1.91,video_conference
228,63,0.981,video_conference
228,63,2.133,video_conference
228,63,1.144,video_conference
228,63,2.015,video_conference
228,63,1.802,video_conference
228,63,0.926,video_conference
228,63,2952.631,video_conference
228,63,1.083,video_conference
228,63,1.92,video_conference
228,63,1.976,video_conference
228,63,0.957,video_conference
228,63,2.06,video_conference
228,63,0.904,video_conference
228,63,2.091,video_conference
228,63,1.934,video_conference
228,63,1.022,video_conference
228,63,1.992,video_conference
228,63,0.979,video_conference
228,63,2.121,video_conference
228,63,1.954,video_conference
228,63,0.912,video_conference
228,63,2.054,video_conference
228,63,1.02,video_conference
228,63,2.087,video_conference
228,63,1.898,video_conference
228,63,0.948,video_conference
228,63,1.995,video_conference
228,63,1.17,video_conference
228,63,1.954,video_conference
228,63,1.953,video_conference
228,63,0.928,video_conference
228,63,2.045,video_conference
228,63,0.965,video_conference
228,63,2.304,video_conference
228,63,1.733,video_conference
228,63,1.046,video_conference
228,63,1.944,video_conference
228,63,1.044,video_conference
228,63,2.011,video_conference
228,63,1.965,video_conference
228,63,0.933,video_conference
228,63,2.021,video_conference
228,63,1.308,video_conference
228,63,1.783,video_conference
228,63,1.943,video_conference
228,63,0.968,video_conference
228,63,2.018,video_conference
228,63,1.016,video_conference
228,63,2.074,video_conference
228,63,1.923,video_conference
228,63,1.045,video_conference
228,63,1.931,video_conference
228,63,1.042,video_conference
228,63,2.012,video_conference
228,63,2.028,video_conference
228,63,0.94,video_conference
228,63,1.979,video_conference
228,63,1.055,video_conference
228,63,2.007,video_conference
228,63,1.996,video_conference
228,63,0.886,video_conference
228,63,2.097,video_conference
228,63,0.909,video_conference
228,63,2.201,video_conference
228,63,1.906,video_conference
228,63,0.913,video_conference
228,63,2.029,video_conference
228,63,1.051,video_conference
228,63,1.976,video_conference
228,63,2.233,video_conference
228,63,0.898,video_conference
228,63,1.874,video_conference
228,63,1.19,video_conference
228,63,1.895,video_conference
228,63,1.951,video_conference
228,63,0.909,video_conference
228,63,2.008,video_conference
228,63,1.044,video_conference
228,63,2.093,video_conference
228,63,1.982,video_conference
228,63,1.078,video_conference
228,63,1.94,video_conference
228,63,0.956,video_conference
228,63,2.084,video_conference
228,63,1.9,video_conference
228,63,0.915,video_conference
228,63,2.006,video_conference
228,63,1.179,video_conference
228,63,1.912,video_conference
228,63,2.093,video_conference
228,63,0.92,video_conference
228,63,1.93,video_conference
228,63,0.964,video_conference
228,63,2.123,video_conference
228,63,1.932,video_conference
228,63,0.933,video_conference
228,63,2.133,video_conference
228,63,0.885,video_conference
228,63,2.068,video_conference
228,63,1.952,video_conference
228,63,0.959,video_conference
228,63,2.023,video_conference
228,63,0.969,video_conference
228,63,2.12,video_conference
228,63,2.02,video_conference
228,63,1.099,video_conference
228,63,1.882,video_conference
228,63,0.898,video_conference
228,63,2.109,video_conference
228,63,1.965,video_conference
228,63,0.911,video_conference
228,63,2.023,video_conference
228,63,1.114,video_conference
228,63,1.976,video_conference
228,63,1.957,video_conference
228,63,0.988,video_conference
228,63,2.099,video_conference
228,63,0.957,video_conference
228,63,2.042,video_conference
228,63,1.946,video_conference
228,63,0.896,video_conference
228,63,2.192,video_conference
228,63,0.877,video_conference
228,63,2.062,video_conference
228,63,1.872,video_conference
228,63,0.983,video_conference
228,63,2.05,video_conference
228,63,1.061,video_conference
228,63,2.046,video_conference
228,63,1.941,video_conference
228,63,1.0,video_conference
228,63,1.989,video_conference
228,63,0.989,video_conference
228,63,2.135,video_conference
228,63,1.831,video_conference
228,63,1.043,video_conference
228,63,1.961,video_conference
228,63,0.961,video_conference
228,63,2.124,video_conference
228,63,1.968,video_conference
228,63,0.917,video_conference
228,63,2.21,video_conference
228,63,0.861,video_conference
228,63,2.018,video_conference
228,63,1.949,video_conference
228,63,1.038,video_conference
228,63,1.95,video_conference
228,63,1.104,video_conference
228,63,1.978,video_conference
228,63,1.994,video_conference
228,63,0.989,video_conference
228,63,1.934,video_conference
228,63,0.994,video_conference
228,63,2.096,video_conference
228,63,1.967,video_conference
228,63,0.927,video_conference
228,63,2.144,video_conference
228,63,0.858,video_conference
228,63,2.062,video_conference
228,63,1.993,video_conference
228,63,0.916,video_conference
228,63,2.033,video_conference
228,63,0.981,video_conference
228,63,2.122,video_conference
228,63,1.899,video_conference
228,63,1.073,video_conference
228,63,2.024,video_conference
228,63,0.934,video_conference
228,63,2.053,video_conference
228,63,1.964,video_conference
228,63,1.003,video_conference
228,63,2.011,video_conference
228,63,1.002,video_conference
228,63,2.048,video_conference
228,63,1.966,video_conference
228,63,1.141,video_conference
228,63,1.816,video_conference
228,63,1.286,video_conference
228,63,1.777,video_conference
228,63,1.986,video_conference
228,63,0.903,video_conference
228,63,2.073,video_conference
228,63,0.988,video_conference
228,63,2.042,video_conference
228,63,1.938,video_conference
228,63,1.123,video_conference
228,63,1.874,video_conference
228,63,1.051,video_conference
228,63,2.032,video_conference
228,63,1.906,video_conference
228,63,1.081,video_conference
228,63,1.941,video_conference
228,63,0.996,video_conference
228,63,2.043,video_conference
228,63,1.972,video_conference
228,63,1.01,video_conference
228,63,1.962,video_conference
228,63,0.953,video_conference
228,63,2.118,video_conference
228,63,1.891,video_conference
228,63,0.985,video_conference
228,63,2.1,video_conference
228,63,0.911,video_conference
228,63,2.102,video_conference
228,63,2.098,video_conference
228,63,0.8,video_conference
228,63,2.1,video_conference
228,63,0.987,video_conference
228,63,2.023,video_conference
228,63,1.963,video_conference
228,63,0.987,video_conference
228,63,2.036,video_conference
228,63,0.965,video_conference
228,63,2.259,video_conference
228,63,1.786,video_conference
228,63,0.909,video_conference
228,63,2.004,video_conference
228,63,1.094,video_conference
228,63,1.992,video_conference
228,63,1.98,video_conference
228,63,0.929,video_conference
228,63,2.009,video_conference
228,63,1.064,video_conference
228,63,2.217,video_conference
228,63,1.692,video_conference
228,63,1.013,video_conference
228,63,2.003,video_conference
228,63,1.07,video_conference
228,63,2.066,video_conference
228,63,1.918,video_conference
228,63,1.021,video_conference
228,63,1.932,video_conference
228,63,1.044,video_conference
228,63,2.151,video_conference
228,63,1.856,video_conference
228,63,1.015,video_conference
228,63,1.947,video_conference
228,63,1.045,video_conference
228,63,2.007,video_conference
228,63,1.983,video_conference
228,63,0.935,video_conference
228,63,2.187,video_conference
228,63,0.89,video_conference
228,63,2.097,video_conference
228,63,1.929,video_conference
228,63,0.986,video_conference
228,63,1.938,video_conference
228,63,1.055,video_conference
228,63,2.031,video_conference
228,63,2.212,video_conference
228,63,0.676,video_conference
228,63,2.043,video_conference
228,63,1.124,video_conference
228,63,1.933,video_conference
228,63,1.964,video_conference
228,63,0.947,video_conference
228,63,2.072,video_conference
228,63,0.902,video_conference
228,63,2.105,video_conference
228,63,2.052,video_conference
228,63,0.869,video_conference
228,63,2.158,video_conference
228,63,0.897,video_conference
228,63,2.077,video_conference
228,63,1.89,video_conference
228,63,0.965,video_conference
228,63,2.034,video_conference
228,63,1.045,video_conference
228,63,2.009,video_conference
228,63,1.999,video_conference
228,63,0.909,video_conference
228,63,2.027,video_conference
228,63,1.087,video_conference
228,63,1.986,video_conference
228,63,2.043,video_conference
228,63,0.903,video_conference
228,63,1.968,video_conference
228,63,1.056,video_conference
228,63,2.264,video_conference
228,63,1.707,video_conference
228,63,0.95,video_conference
228,63,2.028,video_conference
228,63,1.055,video_conference
228,63,2.039,video_conference
228,63,1.981,video_conference
228,63,1.147,video_conference
228,63,1.785,video_conference
228,63,1.003,video_conference
228,63,2.09,video_conference
228,63,1.985,video_conference
228,63,1.053,video_conference
228,63,1.874,video_conference
228,63,1.026,video_conference
228,63,2.278,video_conference
228,63,1.903,video_conference
228,63,0.937,video_conference
228,63,1.918,video_conference
228,63,1.03,video_conference
228,63,2.064,video_conference
228,63,2.175,video_conference
228,63,0.74,video_conference
228,63,1.929,video_conference
228,63,1.157,video_conference
228,63,2.123,video_conference
228,63,1.727,video_conference
228,63,1.387,video_conference
228,63,1.665,video_conference
228,63,1.017,video_conference
228,63,1.992,video_conference
228,63,1.948,video_conference
228,63,1.027,video_conference
228,63,1.984,video_conference
228,63,1.017,video_conference
228,63,2.031,video_conference
228,63,1.986,video_conference
228,63,0.919,video_conference
228,63,2.063,video_conference
228,63,1.002,video_conference
228,63,2.042,video_conference
228,63,1.925,video_conference
228,63,1.061,video_conference
228,63,2.151,video_conference
228,63,0.746,video_conference
228,63,2.096,video_conference
228,63,1.922,video_conference
228,63,0.973,video_conference
228,63,2.102,video_conference
228,63,0.968,video_conference
228,63,2.136,video_conference
228,63,1.881,video_conference
228,63,0.985,video_conference
228,63,1.983,video_conference
228,63,0.979,video_conference
228,63,2.089,video_conference
228,63,1.971,video_conference
228,63,0.932,video_conference
228,63,2.068,video_conference
228,63,0.94,video_conference
228,63,2.102,video_conference
228,63,1.982,video_conference
228,63,0.946,video_conference
228,63,2.078,video_conference
228,63,0.908,video_conference
228,63,2.142,video_conference
228,63,1.997,video_conference
228,63,0.826,video_conference
228,63,2.143,video_conference
228,63,0.88,video_conference
228,63,2.095,video_conference
228,63,1.95,video_conference
228,63,0.936,video_conference
228,63,2.117,video_conference
228,63,0.896,video_conference
228,63,2.168,video_conference
228,63,1.903,video_conference
228,63,0.92,video_conference
228,63,2.103,video_conference
228,63,1.355,video_conference
228,63,1.636,video_conference
228,63,2.003,video_conference
228,63,0.886,video_conference
228,63,2.028,video_conference
228,63,1.058,video_conference
228,63,2.042,video_conference
228,63,1.936,video_conference
228,63,0.981,video_conference
228,63,2.069,video_conference
228,63,0.9,video_conference
228,63,2.114,video_conference
228,63,2.015,video_conference
228,63,0.859,video_conference
228,63,2.033,video_conference
228,63,1.022,video_conference
228,63,2.05,video_conference
228,63,1.99,video_conference
228,63,1.019,video_conference
228,63,2.016,video_conference
228,63,0.998,video_conference
228,63,1.97,video_conference
228,63,2.033,video_conference
228,63,0.877,video_conference
228,63,2.103,video_conference
228,63,0.903,video_conference
228,63,2.077,video_conference
228,63,1.97,video_conference
228,63,0.935,video_conference
228,63,2.029,video_conference
228,63,1.046,video_conference
228,63,2.029,video_conference
228,63,1.971,video_conference
228,63,0.922,video_conference
228,63,2.08,video_conference
228,63,1.002,video_conference
228,63,2.337,video_conference
228,63,1.676,video_conference
228,63,1.025,video_conference
228,63,1.972,video_conference
228,63,0.985,video_conference
228,63,2.023,video_conference
228,63,1.983,video_conference
228,63,0.912,video_conference
228,63,2.035,video_conference
228,63,1.106,video_conference
228,63,1.983,video_conference
228,63,1.949,video_conference
228,63,1.02,video_conference
228,63,1.959,video_conference
228,63,1.038,video_conference
228,63,2.023,video_conference
228,63,1.973,video_conference
228,63,0.951,video_conference
228,63,2.019,video_conference
228,63,1.028,video_conference
228,63,2.336,video_conference
228,63,1.76,video_conference
228,63,0.906,video_conference
228,63,2.064,video_conference
228,63,0.884,video_conference
228,63,2.087,video_conference
228,63,1.976,video_conference
228,63,0.94,video_conference
228,63,2.053,video_conference
228,63,1.012,video_conference
228,63,2.092,video_conference
228,63,1.91,video_conference
228,63,0.933,video_conference
228,63,2.014,video_conference
228,63,1.053,video_conference
228,63,2.009,video_conference
228,63,2.174,video_conference
228,63,0.796,video_conference
228,63,1.966,video_conference
228,63,1.03,video_conference
228,63,2.089,video_conference
228,63,1.957,video_conference
228,63,1.014,video_conference
228,63,1.895,video_conference
228,63,1.066,video_conference
228,63,2.012,video_conference
228,63,1.98,video_conference
228,63,0.905,video_conference
228,63,2.033,video_conference
228,63,1.058,video_conference
228,63,2.042,video_conference
228,63,1.957,video_conference
228,63,0.995,video_conference
228,63,1.943,video_conference
228,63,1.062,video_conference
228,63,2.069,video_conference
1500,63,0.0,bulk_download
52,64,0.0,bulk_download
1500,63,0.863,bulk_download
1500,63,0.42,bulk_download
52,64,1.375,bulk_download
1500,63,0.835,bulk_download
1500,63,0.52,bulk_download
52,64,1.666,bulk_download
1500,63,1.173,bulk_download
52,64,0.735,bulk_download
1500,63,0.668,bulk_download
1500,63,2.284,bulk_download
52,64,3.198,bulk_download
1500,63,0.931,bulk_download
1500,63,0.355,bulk_download
52,64,1.054,bulk_download
1500,63,0.718,bulk_download
1500,63,0.349,bulk_download
52,64,1.009,bulk_download
1500,63,0.634,bulk_download
1500,63,0.344,bulk_download
52,64,1.073,bulk_download
1500,63,0.835,bulk_download
1500,63,0.41,bulk_download
52,64,1.172,bulk_download
1500,63,0.764,bulk_download
1500,63,0.459,bulk_download
52,64,1.249,bulk_download
1500,63,0.662,bulk_download
1500,63,0.352,bulk_download
52,64,1.027,bulk_download
1500,63,0.713,bulk_download
1500,63,0.498,bulk_download
52,64,1.301,bulk_download
1500,63,0.887,bulk_download
1500,63,0.482,bulk_download
52,64,1.233,bulk_download
1500,63,0.721,bulk_download
1500,63,0.407,bulk_download
52,64,1.226,bulk_download
1500,63,0.769,bulk_download
1500,63,0.37,bulk_download
52,64,1.107,bulk_download
1500,63,1.048,bulk_download
1500,63,0.382,bulk_download
52,64,1.356,bulk_download
1500,63,0.605,bulk_download
1500,63,0.315,bulk_download
52,64,1.0,bulk_download
1500,63,0.985,bulk_download
1500,63,0.43,bulk_download
52,64,1.362,bulk_download
1500,63,0.786,bulk_download
1500,63,0.484,bulk_download
52,64,1.262,bulk_download
1500,63,0.624,bulk_download
1500,63,0.328,bulk_download
52,64,1.034,bulk_download
1500,63,0.868,bulk_download
1500,63,0.366,bulk_download
52,64,1.128,bulk_download
1500,63,0.6,bulk_download
52,64,0.639,bulk_download
1500,63,0.803,bulk_download
1500,63,0.354,bulk_download
52,64,1.131,bulk_download
1500,63,0.606,bulk_download
1500,63,0.327,bulk_download
52,64,1.045,bulk_download
1500,63,0.889,bulk_download
1500,63,0.342,bulk_download
52,64,1.102,bulk_download
1500,63,0.689,bulk_download
1500,63,0.479,bulk_download
52,64,1.304,bulk_download
1500,63,0.965,bulk_download
1500,63,0.329,bulk_download
52,64,1.158,bulk_download
1500,63,0.689,bulk_download
1500,63,0.34,bulk_download
52,64,1.025,bulk_download
1500,63,0.576,bulk_download
1500,63,0.373,bulk_download
52,64,1.068,bulk_download
1500,63,0.747,bulk_download
1500,63,0.445,bulk_download
52,64,1.11,bulk_download
1500,63,0.794,bulk_download
1500,63,0.386,bulk_download
52,64,1.176,bulk_download
1500,63,0.616,bulk_download
1500,63,0.429,bulk_download
52,64,1.09,bulk_download
1500,63,0.687,bulk_download
1500,63,0.339,bulk_download
1500,63,0.324,bulk_download
1500,63,0.489,bulk_download
1500,63,0.422,bulk_download
1500,63,0.354,bulk_download
52,64,2.552,bulk_download
1500,63,0.606,bulk_download
1500,63,0.664,bulk_download
1500,63,0.498,bulk_download
1500,63,0.376,bulk_download
1500,63,0.551,bulk_download
1500,63,0.488,bulk_download
1500,63,0.481,bulk_download
1500,63,0.643,bulk_download
1500,63,0.492,bulk_download
1500,63,0.436,bulk_download
1500,63,0.463,bulk_download
1500,63,0.537,bulk_download
52,64,6.277,bulk_download
1500,63,0.859,bulk_download
1500,63,0.571,bulk_download
1500,63,0.433,bulk_download
1500,63,0.482,bulk_download
1500,63,0.489,bulk_download
1500,63,0.377,bulk_download
1500,63,0.427,bulk_download
1500,63,0.36,bulk_download
1500,63,0.34,bulk_download
52,64,4.393,bulk_download
1500,63,0.801,bulk_download
52,64,0.789,bulk_download
1500,63,0.707,bulk_download
52,64,0.621,bulk_download
1500,63,0.592,bulk_download
1500,63,0.314,bulk_download
1500,63,0.367,bulk_download
52,64,1.318,bulk_download
1500,63,0.652,bulk_download
1500,63,0.568,bulk_download
1500,63,0.734,bulk_download
1500,63,0.36,bulk_download
1500,63,0.536,bulk_download
1500,63,0.398,bulk_download
1500,63,0.332,bulk_download
1500,63,0.423,bulk_download
1500,63,0.602,bulk_download
1500,63,0.336,bulk_download
1500,63,0.482,bulk_download
1500,63,0.455,bulk_download
1500,63,0.335,bulk_download
1500,63,0.338,bulk_download
1500,63,0.317,bulk_download
1500,63,0.324,bulk_download
52,64,7.256,bulk_download
1500,63,0.954,bulk_download
1500,63,0.441,bulk_download
1500,63,0.383,bulk_download
1500,63,0.6,bulk_download
1500,63,0.388,bulk_download
1500,63,0.333,bulk_download
1500,63,0.317,bulk_download
52,64,3.297,bulk_download
1500,63,0.717,bulk_download
1500,63,0.348,bulk_download
1500,63,0.33,bulk_download
1500,63,0.366,bulk_download
1500,63,0.368,bulk_download
1500,63,0.434,bulk_download
1500,63,0.454,bulk_download
1500,63,0.357,bulk_download
1500,63,0.325,bulk_download
1500,63,0.638,bulk_download
1500,63,0.492,bulk_download
52,64,4.855,bulk_download
1500,63,0.811,bulk_download
1500,63,0.428,bulk_download
1500,63,0.919,bulk_download
1500,63,0.372,bulk_download
1500,63,0.396,bulk_download
1500,63,0.426,bulk_download
52,64,3.331,bulk_download
1500,63,0.595,bulk_download
1500,63,0.335,bulk_download
1500,63,0.435,bulk_download
1500,63,0.422,bulk_download
1500,63,0.355,bulk_download
1500,63,0.404,bulk_download
1500,63,0.454,bulk_download
1500,63,0.443,bulk_download
1500,63,0.359,bulk_download
1500,63,0.402,bulk_download
1500,63,0.327,bulk_download
52,64,4.528,bulk_download
1500,63,0.583,bulk_download
1500,63,0.42,bulk_download
1500,63,0.33,bulk_download
1500,63,0.333,bulk_download
1500,63,0.412,bulk_download
1500,63,0.409,bulk_download
1500,63,0.445,bulk_download
1500,63,0.353,bulk_download
1500,63,0.334,bulk_download
1500,63,0.317,bulk_download
1500,63,0.308,bulk_download
52,64,4.346,bulk_download
1500,63,0.796,bulk_download
1500,63,0.34,bulk_download
1500,63,0.566,bulk_download
1500,63,0.534,bulk_download
52,64,2.162,bulk_download
1500,63,0.622,bulk_download
1500,63,0.407,bulk_download
1500,63,0.35,bulk_download
1500,63,0.497,bulk_download
1500,63,0.504,bulk_download
1500,63,0.441,bulk_download
1500,63,0.358,bulk_download
1500,63,0.415,bulk_download
1500,63,0.378,bulk_download
1500,63,0.329,bulk_download
1500,63,0.319,bulk_download
1500,63,0.383,bulk_download
52,64,5.061,bulk_download
1500,63,0.805,bulk_download
1500,63,0.35,bulk_download
1500,63,0.4,bulk_download
1500,63,0.33,bulk_download
1500,63,0.4,bulk_download
1500,63,0.391,bulk_download
1500,63,0.323,bulk_download
1500,63,0.328,bulk_download
1500,63,0.309,bulk_download
1500,63,0.364,bulk_download
1500,63,0.381,bulk_download
52,64,4.29,bulk_download
1500,63,0.619,bulk_download
1500,63,0.444,bulk_download
52,64,1.092,bulk_download
1500,63,0.742,bulk_download
1500,63,0.639,bulk_download
1500,63,0.359,bulk_download
1500,63,0.335,bulk_download
1500,63,0.433,bulk_download
1500,63,0.404,bulk_download
1500,63,0.32,bulk_download
1500,63,0.473,bulk_download
1500,63,0.435,bulk_download
52,64,4.147,bulk_download
1500,63,0.632,bulk_download
1500,63,0.355,bulk_download
52,64,1.129,bulk_download
1500,63,0.86,bulk_download
1500,63,0.372,bulk_download
1500,63,0.327,bulk_download
1500,63,0.513,bulk_download
52,64,2.0,bulk_download
1500,63,0.846,bulk_download
1500,63,0.456,bulk_download
52,64,1.242,bulk_download
1500,63,0.673,bulk_download
1500,63,0.564,bulk_download
1500,63,0.36,bulk_download
1500,63,0.34,bulk_download
1500,63,0.322,bulk_download
1500,63,0.335,bulk_download
1500,63,0.377,bulk_download
1500,63,0.383,bulk_download
52,64,3.315,bulk_download
1500,63,0.622,bulk_download
1500,63,0.412,bulk_download
1500,63,0.627,bulk_download
52,64,1.717,bulk_download
1500,63,0.69,bulk_download
1500,63,0.426,bulk_download
1500,63,0.429,bulk_download
1500,63,0.418,bulk_download
1500,63,0.361,bulk_download
1500,63,0.353,bulk_download
1500,63,0.368,bulk_download
1500,63,0.468,bulk_download
1500,63,0.49,bulk_download
1500,63,0.346,bulk_download
52,64,4.425,bulk_download
1500,63,0.748,bulk_download
1500,63,0.404,bulk_download
1500,63,0.425,bulk_download
1500,63,0.357,bulk_download
1500,63,0.322,bulk_download
1500,63,0.336,bulk_download
52,64,2.554,bulk_download
1500,63,0.764,bulk_download
1500,63,0.396,bulk_download
1500,63,0.355,bulk_download
1500,63,0.318,bulk_download
1500,63,0.502,bulk_download
1500,63,0.41,bulk_download
1500,63,0.327,bulk_download
1500,63,0.32,bulk_download
1500,63,0.311,bulk_download
52,64,3.685,bulk_download
1500,63,0.807,bulk_download
1500,63,0.471,bulk_download
1500,63,0.566,bulk_download
1500,63,0.42,bulk_download
1500,63,0.528,bulk_download
1500,63,0.45,bulk_download
1500,63,0.38,bulk_download
1500,63,0.53,bulk_download
1500,63,0.383,bulk_download
1500,63,0.63,bulk_download
52,64,5.138,bulk_download
1500,63,1.126,bulk_download
52,64,1.14,bulk_download
1500,63,0.709,bulk_download
1500,63,0.33,bulk_download
1500,63,0.416,bulk_download
52,64,1.414,bulk_download
1500,63,0.689,bulk_download
1500,63,0.478,bulk_download
1500,63,1.006,bulk_download
1500,63,0.354,bulk_download
1500,63,0.321,bulk_download
1500,63,0.401,bulk_download
1500,63,0.412,bulk_download
1500,63,0.405,bulk_download
1500,63,0.335,bulk_download
1500,63,0.384,bulk_download
1500,63,0.695,bulk_download
52,64,5.52,bulk_download
1500,63,0.911,bulk_download
1500,63,0.385,bulk_download
1500,63,0.646,bulk_download
1500,63,0.393,bulk_download
1500,63,0.805,bulk_download
1500,63,0.821,bulk_download
1500,63,0.479,bulk_download
1500,63,0.548,bulk_download
1500,63,0.382,bulk_download
1500,63,0.445,bulk_download
1500,63,0.379,bulk_download
1500,63,0.321,bulk_download
52,64,6.444,bulk_download
1500,63,0.592,bulk_download
52,64,0.667,bulk_download
1500,63,0.777,bulk_download
52,64,0.824,bulk_download
1500,63,0.8,bulk_download
1500,63,0.337,bulk_download
1500,63,0.525,bulk_download
1500,63,0.36,bulk_download
1500,63,0.325,bulk_download
1500,63,0.466,bulk_download
1500,63,0.426,bulk_download
1500,63,0.413,bulk_download
1500,63,0.453,bulk_download
1500,63,0.421,bulk_download
1500,63,0.472,bulk_download
1500,63,0.486,bulk_download
1500,63,0.337,bulk_download
52,64,5.707,bulk_download
1500,63,0.597,bulk_download
1500,63,0.369,bulk_download
1500,63,0.388,bulk_download
52,64,1.36,bulk_download
1500,63,0.682,bulk_download
1500,63,0.785,bulk_download
1500,63,0.394,bulk_download
1500,63,0.332,bulk_download
1500,63,0.319,bulk_download
52,64,2.548,bulk_download
1500,63,0.689,bulk_download
1500,63,0.416,bulk_download
1500,63,0.375,bulk_download
1500,63,0.35,bulk_download
1500,63,0.365,bulk_download
1500,63,0.54,bulk_download
1500,63,0.364,bulk_download
1500,63,0.324,bulk_download
1500,63,0.33,bulk_download
1500,63,0.313,bulk_download
1500,63,0.329,bulk_download
52,64,4.427,bulk_download
1500,63,0.797,bulk_download
1500,63,0.419,bulk_download
1500,63,0.468,bulk_download
1500,63,0.461,bulk_download
1500,63,0.397,bulk_download
1500,63,0.413,bulk_download
1500,63,0.325,bulk_download
1500,63,0.353,bulk_download
1500,63,0.418,bulk_download
1500,63,0.417,bulk_download
1500,63,0.365,bulk_download
1500,63,0.323,bulk_download
1500,63,0.475,bulk_download
1500,63,0.497,bulk_download
1500,63,0.779,bulk_download
1500,63,0.35,bulk_download
1500,63,0.41,bulk_download
1500,63,0.347,bulk_download
1500,63,0.319,bulk_download
1500,63,0.317,bulk_download
1500,63,0.371,bulk_download
52,64,9.004,bulk_download
1500,63,0.786,bulk_download
1500,63,0.512,bulk_download
1500,63,0.378,bulk_download
1500,63,0.388,bulk_download
1500,63,0.415,bulk_download
1500,63,0.329,bulk_download
1500,63,0.314,bulk_download
1500,63,0.378,bulk_download
1500,63,0.333,bulk_download
52,64,3.848,bulk_download
1500,63,0.716,bulk_download
1500,63,0.35,bulk_download
1500,63,0.47,bulk_download
1500,63,0.365,bulk_download
1500,63,0.461,bulk_download
1500,63,0.361,bulk_download
1500,63,0.325,bulk_download
1500,63,0.374,bulk_download
1500,63,0.351,bulk_download
1500,63,0.442,bulk_download
1500,63,0.342,bulk_download
1500,63,0.388,bulk_download
1500,63,0.509,bulk_download
1500,63,0.697,bulk_download
1500,63,0.361,bulk_download
1500,63,0.319,bulk_download
1500,63,0.311,bulk_download
1500,63,0.317,bulk_download
1500,63,0.419,bulk_download
1500,63,0.333,bulk_download
1500,63,0.317,bulk_download
1500,63,0.328,bulk_download
1500,63,0.452,bulk_download
52,64,9.315,bulk_download
1500,63,0.754,bulk_download
1500,63,0.409,bulk_download
1500,63,0.32,bulk_download
52,64,1.421,bulk_download
1500,63,0.771,bulk_download
52,64,0.821,bulk_download
1500,63,0.747,bulk_download
1500,63,0.323,bulk_download
1500,63,0.331,bulk_download
1500,63,0.458,bulk_download
1500,63,0.345,bulk_download
1500,63,0.43,bulk_download
1500,63,0.342,bulk_download
1500,63,0.313,bulk_download
1500,63,0.412,bulk_download
1500,63,0.473,bulk_download
52,64,4.225,bulk_download
1500,63,0.758,bulk_download
52,64,0.838,bulk_download
1500,63,0.999,bulk_download
1500,63,0.365,bulk_download
1500,63,0.654,bulk_download
1500,63,0.503,bulk_download
1500,63,0.362,bulk_download
1500,63,0.324,bulk_download
1500,63,0.317,bulk_download
1500,63,0.318,bulk_download
1500,63,0.421,bulk_download
1500,63,0.485,bulk_download
1500,63,0.352,bulk_download
1500,63,0.321,bulk_download
52,64,5.209,bulk_download
1500,63,0.706,bulk_download
1500,63,0.344,bulk_download
52,64,1.049,bulk_download
1500,63,0.568,bulk_download
1500,63,0.4,bulk_download
1500,63,0.43,bulk_download
1500,63,0.397,bulk_download
1500,63,0.466,bulk_download
1500,63,0.365,bulk_download
1500,63,0.323,bulk_download
1500,63,0.419,bulk_download
1500,63,0.45,bulk_download
1500,63,0.355,bulk_download
1500,63,0.322,bulk_download
1500,63,0.352,bulk_download
52,64,4.925,bulk_download
1500,63,0.704,bulk_download
1500,63,0.351,bulk_download
1500,63,0.35,bulk_download
1500,63,0.504,bulk_download
1500,63,0.571,bulk_download
1500,63,0.423,bulk_download
52,64,2.914,bulk_download
1500,63,0.736,bulk_download
1500,63,0.417,bulk_download
1500,63,0.409,bulk_download
1500,63,0.327,bulk_download
1500,63,0.339,bulk_download
1500,63,0.348,bulk_download
64,64,2.582,bulk_download
1500,63,0.697,bulk_download
1500,63,0.323,bulk_download
1500,63,0.323,bulk_download
1500,63,0.316,bulk_download
1500,63,0.381,bulk_download
1500,63,0.362,bulk_download
88,63,0.0,gaming
88,63,3.885,gaming
88,63,2.925,gaming
88,63,3.003,gaming
88,63,3.105,gaming
88,63,2.81,gaming
88,63,3.964,gaming
88,63,3.124,gaming
88,63,3.052,gaming
88,63,3.051,gaming
88,63,2.819,gaming
88,63,4.029,gaming
88,63,2.933,gaming
88,63,5.082,gaming
88,63,1.03,gaming
88,63,3.038,gaming
88,63,3.994,gaming
88,63,2.844,gaming
88,63,3.01,gaming
88,63,3.07,gaming
88,63,2.891,gaming
88,63,4.09,gaming
88,63,2.936,gaming
88,63,3.002,gaming
88,63,3.192,gaming
88,63,2.901,gaming
88,63,4.001,gaming
88,63,2.881,gaming
88,63,3.052,gaming
88,63,3.251,gaming
88,63,2.68,gaming
88,63,4.092,gaming
88,63,3.018,gaming
88,63,2.967,gaming
88,63,3.041,gaming
88,63,2.864,gaming
88,63,4.25,gaming
88,63,2.787,gaming
88,63,3.076,gaming
88,63,3.124,gaming
88,63,2.864,gaming
88,63,4.037,gaming
88,63,2.957,gaming
88,63,3.058,gaming
88,63,3.187,gaming
88,63,2.754,gaming
88,63,3.962,gaming
88,63,2.964,gaming
88,63,3.047,gaming
88,63,3.242,gaming
88,63,2.831,gaming
88,63,3.99,gaming
88,63,3.159,gaming
88,63,2.936,gaming
88,63,3.031,gaming
88,63,2.918,gaming
88,63,3.983,gaming
88,63,2.906,gaming
88,63,3.006,gaming
88,63,3.123,gaming
88,63,2.864,gaming
88,63,3.993,gaming
88,63,3.074,gaming
88,63,2.954,gaming
88,63,3.092,gaming
88,63,2.959,gaming
88,63,3.884,gaming
88,63,3.112,gaming
88,63,2.941,gaming
88,63,3.133,gaming
88,63,2.875,gaming
88,63,3.941,gaming
88,63,3.026,gaming
88,63,3.009,gaming
88,63,3.118,gaming
88,63,2.917,gaming
88,63,3.948,gaming
88,63,3.021,gaming
88,63,2.995,gaming
88,63,3.095,gaming
88,63,2.913,gaming
88,63,4.181,gaming
88,63,2.805,gaming
88,63,3.069,gaming
88,63,3.062,gaming
88,63,3.156,gaming
88,63,3.823,gaming
88,63,3.004,gaming
88,63,2.93,gaming
88,63,3.077,gaming
88,63,2.92,gaming
88,63,3.947,gaming
88,63,3.079,gaming
88,63,2.937,gaming
88,63,3.118,gaming
88,63,2.911,gaming
88,63,3.983,gaming
88,63,3.075,gaming
88,63,3.003,gaming
88,63,3.036,gaming
88,63,2.92,gaming
88,63,4.143,gaming
88,63,3.007,gaming
88,63,2.824,gaming
88,63,3.102,gaming
88,63,2.827,gaming
88,63,4.093,gaming
88,63,3.016,gaming
88,63,2.969,gaming
88,63,3.16,gaming
88,63,2.892,gaming
88,63,3.944,gaming
88,63,3.039,gaming
88,63,2.95,gaming
88,63,3.199,gaming
88,63,2.839,gaming
88,63,3.948,gaming
88,63,3.053,gaming
88,63,2.996,gaming
88,63,3.136,gaming
88,63,2.816,gaming
88,63,4.232,gaming
88,63,2.854,gaming
88,63,3.103,gaming
88,63,2.921,gaming
88,63,2.946,gaming
88,63,4.004,gaming
88,63,2.999,gaming
88,63,3.01,gaming
88,63,3.138,gaming
88,63,2.817,gaming
88,63,4.0,gaming
88,63,3.051,gaming
88,63,2.965,gaming
88,63,3.169,gaming
88,63,2.76,gaming
88,63,4.09,gaming
88,63,3.009,gaming
88,63,2.936,gaming
88,63,3.114,gaming
88,63,2.849,gaming
88,63,4.501,gaming
88,63,2.617,gaming
88,63,2.942,gaming
88,63,3.118,gaming
88,63,2.8,gaming
88,63,4.143,gaming
88,63,2.969,gaming
88,63,2.956,gaming
88,63,3.19,gaming
88,63,2.844,gaming
88,63,3.964,gaming
88,63,3.139,gaming
88,63,2.903,gaming
88,63,3.092,gaming
88,63,3.03,gaming
88,63,3.833,gaming
88,63,3.25,gaming
88,63,2.888,gaming
88,63,2.948,gaming
88,63,2.936,gaming
88,63,3.951,gaming
88,63,3.172,gaming
88,63,2.939,gaming
88,63,3.081,gaming
88,63,2.772,gaming
88,63,4.036,gaming
88,63,3.061,gaming
88,63,2.976,gaming
88,63,3.022,gaming
88,63,3.004,gaming
88,63,4.046,gaming
88,63,3.021,gaming
88,63,2.935,gaming
88,63,3.131,gaming
88,63,2.807,gaming
88,63,4.146,gaming
88,63,2.928,gaming
88,63,2.949,gaming
88,63,3.07,gaming
88,63,2.977,gaming
88,63,3.922,gaming
88,63,3.04,gaming
88,63,2.991,gaming
88,63,3.309,gaming
88,63,2.754,gaming
88,63,3.99,gaming
88,63,3.028,gaming
88,63,2.921,gaming
88,63,3.158,gaming
88,63,2.886,gaming
88,63,3.977,gaming
88,63,2.985,gaming
88,63,3.28,gaming
88,63,2.824,gaming
88,63,3.005,gaming
88,63,3.839,gaming
88,63,3.043,gaming
88,63,3.011,gaming
88,63,3.061,gaming
88,63,2.981,gaming
88,63,3.964,gaming
88,63,3.027,gaming
88,63,2.939,gaming
88,63,3.332,gaming
88,63,2.697,gaming
88,63,4.057,gaming
88,63,2.965,gaming
88,63,3.067,gaming
88,63,3.176,gaming
88,63,2.763,gaming
88,63,3.928,gaming
88,63,3.083,gaming
88,63,2.986,gaming
88,63,3.12,gaming
88,63,2.859,gaming
88,63,4.047,gaming
88,63,2.965,gaming
88,63,3.066,gaming
88,63,3.024,gaming
88,63,2.833,gaming
88,63,4.121,gaming
88,63,2.972,gaming
88,63,2.979,gaming
88,63,3.163,gaming
88,63,2.849,gaming
88,63,4.083,gaming
88,63,2.949,gaming
88,63,2.963,gaming
88,63,3.29,gaming
88,63,2.646,gaming
88,63,4.181,gaming
88,63,2.909,gaming
88,63,2.952,gaming
88,63,3.119,gaming
88,63,2.898,gaming
88,63,3.952,gaming
88,63,3.089,gaming
88,63,2.961,gaming
88,63,3.086,gaming
88,63,2.918,gaming
88,63,4.014,gaming
88,63,2.996,gaming
88,63,2.973,gaming
88,63,3.149,gaming
88,63,2.809,gaming
88,63,4.2,gaming
88,63,2.876,gaming
88,63,2.965,gaming
88,63,3.087,gaming
88,63,2.889,gaming
88,63,3.977,gaming
88,63,3.019,gaming
88,63,3.047,gaming
88,63,3.106,gaming
88,63,2.859,gaming
88,63,3.998,gaming
88,63,3.188,gaming
88,63,2.839,gaming
88,63,3.145,gaming
88,63,2.899,gaming
88,63,4.096,gaming
88,63,2.836,gaming
88,63,3.024,gaming
88,63,3.066,gaming
88,63,3.131,gaming
88,63,3.857,gaming
88,63,2.918,gaming
88,63,3.007,gaming
88,63,3.098,gaming
88,63,2.856,gaming
88,63,4.102,gaming
88,63,2.999,gaming
88,63,2.933,gaming
88,63,3.08,gaming
88,63,3.024,gaming
88,63,3.987,gaming
88,63,2.977,gaming
88,63,2.955,gaming
88,63,3.165,gaming
88,63,2.822,gaming
88,63,4.042,gaming
88,63,2.933,gaming
88,63,3.013,gaming
88,63,3.159,gaming
88,63,2.956,gaming
88,63,3.944,gaming
88,63,2.97,gaming
88,63,3.087,gaming
88,63,3.192,gaming
88,63,2.742,gaming
88,63,3.958,gaming
88,63,3.052,gaming
88,63,3.049,gaming
88,63,3.12,gaming
88,63,2.802,gaming
88,63,3.281,gaming
88,63,3.754,gaming
88,63,2.94,gaming
88,63,3.409,gaming
88,63,2.623,gaming
88,63,4.248,gaming
88,63,3.005,gaming
88,63,2.797,gaming
88,63,3.287,gaming
88,63,2.604,gaming
88,63,4.057,gaming
88,63,3.031,gaming
88,63,2.96,gaming
88,63,3.115,gaming
88,63,2.846,gaming
88,63,4.05,gaming
88,63,3.023,gaming
88,63,3.273,gaming
88,63,2.857,gaming
88,63,2.945,gaming
88,63,3.896,gaming
88,63,2.966,gaming
88,63,3.039,gaming
88,63,3.153,gaming
88,63,2.858,gaming
88,63,3.939,gaming
88,63,3.067,gaming
88,63,2.962,gaming
88,63,3.176,gaming
88,63,2.851,gaming
88,63,4.045,gaming
88,63,2.965,gaming
88,63,2.969,gaming
88,63,3.137,gaming
88,63,2.975,gaming
88,63,3.868,gaming
88,63,3.296,gaming
88,63,2.762,gaming
88,63,3.054,gaming
88,63,2.849,gaming
88,63,4.204,gaming
88,63,3.124,gaming
88,63,2.727,gaming
88,63,3.164,gaming
88,63,2.872,gaming
88,63,3.928,gaming
88,63,3.012,gaming
88,63,3.125,gaming
88,63,3.072,gaming
88,63,2.835,gaming
88,63,4.142,gaming
88,63,3.145,gaming
88,63,2.797,gaming
88,63,3.057,gaming
88,63,2.814,gaming
88,63,4.1,gaming
88,63,2.989,gaming
88,63,2.946,gaming
88,63,3.047,gaming
88,63,2.887,gaming
88,63,4.077,gaming
88,63,2.942,gaming
88,63,3.045,gaming
88,63,3.121,gaming
88,63,2.824,gaming
88,63,4.04,gaming
88,63,2.977,gaming
88,63,3.033,gaming
88,63,3.162,gaming
88,63,2.833,gaming
88,63,3.966,gaming
88,63,3.004,gaming
88,63,3.11,gaming
88,63,3.077,gaming
88,63,2.836,gaming
88,63,3.975,gaming
88,63,3.13,gaming
88,63,3.117,gaming
88,63,2.868,gaming
88,63,2.958,gaming
88,63,4.022,gaming
88,63,3.158,gaming
88,63,2.822,gaming
88,63,3.104,gaming
88,63,2.872,gaming
88,63,4.016,gaming
88,63,2.968,gaming
88,63,3.002,gaming
88,63,3.11,gaming
88,63,2.919,gaming
88,63,4.017,gaming
88,63,3.016,gaming
88,63,3.004,gaming
88,63,3.07,gaming
88,63,2.956,gaming
88,63,3.876,gaming
88,63,3.045,gaming
88,63,2.99,gaming
88,63,3.104,gaming
88,63,2.943,gaming
88,63,4.014,gaming
88,63,3.023,gaming
88,63,2.912,gaming
88,63,3.289,gaming
88,63,2.766,gaming
88,63,3.953,gaming
88,63,2.968,gaming
88,63,3.026,gaming
88,63,3.098,gaming
88,63,2.88,gaming
88,63,4.073,gaming
88,63,3.133,gaming
88,63,2.824,gaming
88,63,3.376,gaming
88,63,2.582,gaming
88,63,4.007,gaming
88,63,3.071,gaming
88,63,2.95,gaming
88,63,3.122,gaming
88,63,2.899,gaming
88,63,3.984,gaming
88,63,3.046,gaming
88,63,3.055,gaming
88,63,3.014,gaming
88,63,2.92,gaming
88,63,3.973,gaming
88,63,3.004,gaming
88,63,3.002,gaming
88,63,3.131,gaming
88,63,2.873,gaming
88,63,3.97,gaming
88,63,3.061,gaming
88,63,2.978,gaming
88,63,3.151,gaming
88,63,2.851,gaming
88,63,4.006,gaming
88,63,2.955,gaming
88,63,3.16,gaming
88,63,3.071,gaming
88,63,2.781,gaming
88,63,3.994,gaming
88,63,3.068,gaming
88,63,3.016,gaming
88,63,3.098,gaming
88,63,2.918,gaming
88,63,3.907,gaming
88,63,3.205,gaming
88,63,2.882,gaming
88,63,3.047,gaming
88,63,3.292,gaming
88,63,3.575,gaming
88,63,2.971,gaming
88,63,3.059,gaming
88,63,3.15,gaming
88,63,2.848,gaming
88,63,3.959,gaming
88,63,3.012,gaming
88,63,3.04,gaming
88,63,3.031,gaming
88,63,2.944,gaming
88,63,4.084,gaming
88,63,2.936,gaming
88,63,3.13,gaming
88,63,2.956,gaming
88,63,2.934,gaming
88,63,3.98,gaming
88,63,3.038,gaming
88,63,3.015,gaming
88,63,2.99,gaming
88,63,2.897,gaming
88,63,4.02,gaming
88,63,3.102,gaming
88,63,2.951,gaming
88,63,3.109,gaming
88,63,2.865,gaming
88,63,4.034,gaming
88,63,3.033,gaming
88,63,2.949,gaming
88,63,3.108,gaming
88,63,2.923,gaming
88,63,3.932,gaming
88,63,3.047,gaming
88,63,2.947,gaming
88,63,3.212,gaming
88,63,2.866,gaming
88,63,4.176,gaming
88,63,2.791,gaming
88,63,2.996,gaming
88,63,3.1,gaming
88,63,2.96,gaming
88,63,3.892,gaming
88,63,3.138,gaming
88,63,2.893,gaming
88,63,3.094,gaming
88,63,2.869,gaming
88,63,4.179,gaming
88,63,2.919,gaming
88,63,3.019,gaming
88,63,3.08,gaming
88,63,2.868,gaming
88,63,4.029,gaming
88,63,2.962,gaming
88,63,3.05,gaming
88,63,3.009,gaming
